path	size_bytes
00_OPEN_ME_FIRST_WHERE_EVERYTHING_IS/OPEN_THIS_FIRST.html	1010
00_OPEN_ME_FIRST_WHERE_EVERYTHING_IS/README_WHERE_EVERYTHING_IS_HE.md	2436
00_OPEN_ME_FIRST_WHERE_EVERYTHING_IS/README_WHERE_EVERYTHING_IS_HE.txt	2436
00_READ_ME_FIRST/DOG_STORY_ENDING_LOCK_HE.txt	178
00_READ_ME_FIRST/PACKAGE_MANIFEST.txt	39058
00_READ_ME_FIRST/README_HE.docx	120058
00_READ_ME_FIRST/README_HE.md	1796
00_READ_ME_FIRST/README_HE.pdf	117641
00_READ_ME_FIRST/assets/bpi_cover_visual_horizon.png	43285
00_READ_ME_FIRST/assets/bpi_cover_visual_horizon_v3.png	24816
00_READ_ME_FIRST/assets/ihnmaims_story_game_theory_map.png	32962
00_READ_ME_FIRST/assets/recursive_ideal_contextual_proof_visual.png	16258
00_READ_ME_FIRST/assets/universe_geometry_curvature_map.png	84369
01_complete_website_archive/Between-Potential-and-Ideal-main/CHANGELOG_AUTHOR_NOTE_FIX_HE.md	905
01_complete_website_archive/Between-Potential-and-Ideal-main/CHANGELOG_FINAL_MICRO_VISUAL_HE.md	626
01_complete_website_archive/Between-Potential-and-Ideal-main/CHANGELOG_INTENTIONAL_OPEN_CHAPTERS_HE.md	1399
01_complete_website_archive/Between-Potential-and-Ideal-main/CHANGELOG_PARITY_FIX_HE.md	3289
01_complete_website_archive/Between-Potential-and-Ideal-main/DEEP_INTEGRATION_EXECUTION_REPORT_HE.md	2863
01_complete_website_archive/Between-Potential-and-Ideal-main/FINAL_COORDINATE_HORIZON_INTEGRATION_SUMMARY_HE.md	3573
01_complete_website_archive/Between-Potential-and-Ideal-main/FINAL_IDEAL_MULTILENS_AUDIT_HE.md	5729
01_complete_website_archive/Between-Potential-and-Ideal-main/FIX_AUTHOR_NOTE_TOC_GAP_HE.md	1576
01_complete_website_archive/Between-Potential-and-Ideal-main/FIX_COVER_AND_TOC_STYLE_HE.md	1652
01_complete_website_archive/Between-Potential-and-Ideal-main/FIX_SUMMARY_QA_NOTES_HE.md	3749
01_complete_website_archive/Between-Potential-and-Ideal-main/PROMPT_USED_DEEP_INTEGRATION_HE.txt	63144
01_complete_website_archive/Between-Potential-and-Ideal-main/README.md	905
01_complete_website_archive/Between-Potential-and-Ideal-main/README.txt	120
01_complete_website_archive/Between-Potential-and-Ideal-main/README_RUN_HE.md	1087
01_complete_website_archive/Between-Potential-and-Ideal-main/SCIENCE_LOGIC_FORMULA_AUDIT_HE.md	4206
01_complete_website_archive/Between-Potential-and-Ideal-main/apply_psychology_note.py	5423
01_complete_website_archive/Between-Potential-and-Ideal-main/patch_blurbs.py	3410
01_complete_website_archive/Between-Potential-and-Ideal-main/scripts/apply_uploaded_qa_notes.py	22231
01_complete_website_archive/Between-Potential-and-Ideal-main/scripts/audit_site_parity.py	2879
01_complete_website_archive/Between-Potential-and-Ideal-main/scripts/final_ideal_multilens_pass.py	16305
01_complete_website_archive/Between-Potential-and-Ideal-main/scripts/fix_visual_language_ai_parity.py	10940
01_complete_website_archive/Between-Potential-and-Ideal-main/scripts/update_ai_pages.py	5688
01_complete_website_archive/Between-Potential-and-Ideal-main/theory-site-static/404.html	2647
01_complete_website_archive/Between-Potential-and-Ideal-main/theory-site-static/AUTHOR_FONT_AND_NEW_TAB_FIX_REPORT_HE.txt	1486
01_complete_website_archive/Between-Potential-and-Ideal-main/theory-site-static/AUTHOR_NOTE_PLACEMENT_FIX_HE.txt	534
01_complete_website_archive/Between-Potential-and-Ideal-main/theory-site-static/BLURBS_RESTORED_REPORT_HE.txt	1174
01_complete_website_archive/Between-Potential-and-Ideal-main/theory-site-static/BLURBS_RESTORED_VALIDATION_HE.txt	171
01_complete_website_archive/Between-Potential-and-Ideal-main/theory-site-static/CHANGELOG_COORDINATE_HORIZON_FIX_HE.md	1306
01_complete_website_archive/Between-Potential-and-Ideal-main/theory-site-static/CHANGELOG_PLANCK_VACUUM_INTEGRATION_HE.md	1556
01_complete_website_archive/Between-Potential-and-Ideal-main/theory-site-static/CHANGELOG_QA_NOTES_FIX_HE.md	1945
01_complete_website_archive/Between-Potential-and-Ideal-main/theory-site-static/COLORFUL_SECTIONS_REPORT_HE.txt	1076
01_complete_website_archive/Between-Potential-and-Ideal-main/theory-site-static/COLORFUL_SECTIONS_VALIDATION_HE.txt	217
01_complete_website_archive/Between-Potential-and-Ideal-main/theory-site-static/CONTRAST_UNITY_FIX_REPORT_HE.txt	1070
01_complete_website_archive/Between-Potential-and-Ideal-main/theory-site-static/CONTRAST_UNITY_VALIDATION_HE.txt	182
01_complete_website_archive/Between-Potential-and-Ideal-main/theory-site-static/DESIGN_PROMPT_BUILD_REPORT_HE.txt	2379
01_complete_website_archive/Between-Potential-and-Ideal-main/theory-site-static/DESIGN_PROMPT_VALIDATION_HE.txt	310
01_complete_website_archive/Between-Potential-and-Ideal-main/theory-site-static/FINAL_IDEAL_BUILD_REPORT_HE.txt	1839
01_complete_website_archive/Between-Potential-and-Ideal-main/theory-site-static/FINAL_IDEAL_MULTILENS_AUDIT.txt	5729
01_complete_website_archive/Between-Potential-and-Ideal-main/theory-site-static/HUMANIZATION_EDIT_REPORT_HE.txt	2671
01_complete_website_archive/Between-Potential-and-Ideal-main/theory-site-static/IDEAL_CREATOR_VISUAL_UNITY_REPORT_HE.md	3715
01_complete_website_archive/Between-Potential-and-Ideal-main/theory-site-static/IDEAL_CREATOR_VISUAL_UNITY_VALIDATION_HE.txt	136
01_complete_website_archive/Between-Potential-and-Ideal-main/theory-site-static/IMAGE_DIVERSITY_AND_TAB_VISUALS_REPORT_HE.txt	3732
01_complete_website_archive/Between-Potential-and-Ideal-main/theory-site-static/IMAGE_DIVERSITY_VALIDATION_HE.txt	309
01_complete_website_archive/Between-Potential-and-Ideal-main/theory-site-static/INTRO_IMAGE_UPDATE_REPORT_HE.txt	1049
01_complete_website_archive/Between-Potential-and-Ideal-main/theory-site-static/READER_PATH_IDEAL_BUILD_REPORT_HE.txt	2185
01_complete_website_archive/Between-Potential-and-Ideal-main/theory-site-static/READER_PATH_VALIDATION_HE.txt	131
01_complete_website_archive/Between-Potential-and-Ideal-main/theory-site-static/README.md	1846
01_complete_website_archive/Between-Potential-and-Ideal-main/theory-site-static/SITE_PARITY_AUDIT.txt	1564
01_complete_website_archive/Between-Potential-and-Ideal-main/theory-site-static/TAB_IMAGES_INTEGRATION_REPORT_HE.txt	1461
01_complete_website_archive/Between-Potential-and-Ideal-main/theory-site-static/TAB_IMAGES_VALIDATION_HE.txt	190
01_complete_website_archive/Between-Potential-and-Ideal-main/theory-site-static/about-en.html	3753
01_complete_website_archive/Between-Potential-and-Ideal-main/theory-site-static/about.html	4062
01_complete_website_archive/Between-Potential-and-Ideal-main/theory-site-static/ai-believes.html	21177
01_complete_website_archive/Between-Potential-and-Ideal-main/theory-site-static/ai-en.html	10258
01_complete_website_archive/Between-Potential-and-Ideal-main/theory-site-static/ai-open-problems-en.html	6294
01_complete_website_archive/Between-Potential-and-Ideal-main/theory-site-static/ai-open-problems.html	7461
01_complete_website_archive/Between-Potential-and-Ideal-main/theory-site-static/ai.html	12535
01_complete_website_archive/Between-Potential-and-Ideal-main/theory-site-static/apple-touch-icon.png	46927
01_complete_website_archive/Between-Potential-and-Ideal-main/theory-site-static/applied-en.html	10674
01_complete_website_archive/Between-Potential-and-Ideal-main/theory-site-static/applied.html	11758
01_complete_website_archive/Between-Potential-and-Ideal-main/theory-site-static/art-en.html	4570
01_complete_website_archive/Between-Potential-and-Ideal-main/theory-site-static/art.html	5556
01_complete_website_archive/Between-Potential-and-Ideal-main/theory-site-static/author_note_card_en.png	99285
01_complete_website_archive/Between-Potential-and-Ideal-main/theory-site-static/author_note_card_he.png	1182149
01_complete_website_archive/Between-Potential-and-Ideal-main/theory-site-static/author_note_card_he_cropped.png	1086454
01_complete_website_archive/Between-Potential-and-Ideal-main/theory-site-static/changelog-en.html	3947
01_complete_website_archive/Between-Potential-and-Ideal-main/theory-site-static/changelog.html	4350
01_complete_website_archive/Between-Potential-and-Ideal-main/theory-site-static/core-en.html	7246
01_complete_website_archive/Between-Potential-and-Ideal-main/theory-site-static/core.html	7762
01_complete_website_archive/Between-Potential-and-Ideal-main/theory-site-static/critique-en.html	8781
01_complete_website_archive/Between-Potential-and-Ideal-main/theory-site-static/critique.html	9673
01_complete_website_archive/Between-Potential-and-Ideal-main/theory-site-static/discussion.html	14666
01_complete_website_archive/Between-Potential-and-Ideal-main/theory-site-static/education-en.html	5076
01_complete_website_archive/Between-Potential-and-Ideal-main/theory-site-static/education.html	6245
01_complete_website_archive/Between-Potential-and-Ideal-main/theory-site-static/en.html	10130
01_complete_website_archive/Between-Potential-and-Ideal-main/theory-site-static/favicon-32.png	2467
01_complete_website_archive/Between-Potential-and-Ideal-main/theory-site-static/favicon.ico	17740
01_complete_website_archive/Between-Potential-and-Ideal-main/theory-site-static/figures/01_fragmented_consciousness_cover.png	407193
01_complete_website_archive/Between-Potential-and-Ideal-main/theory-site-static/figures/02_navigation_between_banks.png	544245
01_complete_website_archive/Between-Potential-and-Ideal-main/theory-site-static/figures/03_iterative_reincarnation_model.png	59242
01_complete_website_archive/Between-Potential-and-Ideal-main/theory-site-static/figures/04_ai_mirror_awareness.png	448779
01_complete_website_archive/Between-Potential-and-Ideal-main/theory-site-static/figures/05_flow_toward_the_ideal.png	548489
01_complete_website_archive/Between-Potential-and-Ideal-main/theory-site-static/figures/06_recursive_iverse_architecture.png	201712
01_complete_website_archive/Between-Potential-and-Ideal-main/theory-site-static/figures/07_virtual_imaginary_gravity_horizon.png	156232
01_complete_website_archive/Between-Potential-and-Ideal-main/theory-site-static/figures/08_mass_energy_medium.png	191635
01_complete_website_archive/Between-Potential-and-Ideal-main/theory-site-static/figures/09_absolute_not_ideal.png	79636
01_complete_website_archive/Between-Potential-and-Ideal-main/theory-site-static/figures/10_living_wholeness.png	80225
01_complete_website_archive/Between-Potential-and-Ideal-main/theory-site-static/figures/11_title_motion.png	82747
01_complete_website_archive/Between-Potential-and-Ideal-main/theory-site-static/figures/12_experience_materiality.png	80872
01_complete_website_archive/Between-Potential-and-Ideal-main/theory-site-static/figures/13_knowledge_without_path.png	84067
01_complete_website_archive/Between-Potential-and-Ideal-main/theory-site-static/figures/14_self_ego_unity.png	82046
01_complete_website_archive/Between-Potential-and-Ideal-main/theory-site-static/figures/15_good_evil_responsibility.png	83107
01_complete_website_archive/Between-Potential-and-Ideal-main/theory-site-static/figures/16_good_moral_meaning.png	79949
01_complete_website_archive/Between-Potential-and-Ideal-main/theory-site-static/figures/17_engineering_architecture_potential.png	46088
01_complete_website_archive/Between-Potential-and-Ideal-main/theory-site-static/figures/18_economy_relation_potential.png	72250
01_complete_website_archive/Between-Potential-and-Ideal-main/theory-site-static/figures/19_governance_society_potential.png	49164
01_complete_website_archive/Between-Potential-and-Ideal-main/theory-site-static/figures/20_physical_comparison_map.png	57122
01_complete_website_archive/Between-Potential-and-Ideal-main/theory-site-static/figures/ihnmaims_story_game_theory_map.png	32962
01_complete_website_archive/Between-Potential-and-Ideal-main/theory-site-static/figures/opening_potential_to_ideal_journey.png	546433
01_complete_website_archive/Between-Potential-and-Ideal-main/theory-site-static/figures/tab_ai.png	32768
01_complete_website_archive/Between-Potential-and-Ideal-main/theory-site-static/figures/tab_ai_unique.png	584886
01_complete_website_archive/Between-Potential-and-Ideal-main/theory-site-static/figures/tab_applied.png	505644
01_complete_website_archive/Between-Potential-and-Ideal-main/theory-site-static/figures/tab_applied_unique.png	577787
01_complete_website_archive/Between-Potential-and-Ideal-main/theory-site-static/figures/tab_core.png	196608
01_complete_website_archive/Between-Potential-and-Ideal-main/theory-site-static/figures/tab_core_unique.png	554734
01_complete_website_archive/Between-Potential-and-Ideal-main/theory-site-static/figures/tab_critique.png	579744
01_complete_website_archive/Between-Potential-and-Ideal-main/theory-site-static/figures/tab_critique_unique.png	557766
01_complete_website_archive/Between-Potential-and-Ideal-main/theory-site-static/figures/tab_files.png	562675
01_complete_website_archive/Between-Potential-and-Ideal-main/theory-site-static/figures/tab_files_unique.png	604841
01_complete_website_archive/Between-Potential-and-Ideal-main/theory-site-static/figures/tab_methodology.png	554415
01_complete_website_archive/Between-Potential-and-Ideal-main/theory-site-static/figures/tab_methodology_unique.png	621516
01_complete_website_archive/Between-Potential-and-Ideal-main/theory-site-static/figures/tab_sources.png	555749
01_complete_website_archive/Between-Potential-and-Ideal-main/theory-site-static/figures/tab_sources_unique.png	634854
01_complete_website_archive/Between-Potential-and-Ideal-main/theory-site-static/figures/tab_witness.png	546152
01_complete_website_archive/Between-Potential-and-Ideal-main/theory-site-static/figures/tab_witness_unique.png	608646
01_complete_website_archive/Between-Potential-and-Ideal-main/theory-site-static/figures/thumb_ai.png	83346
01_complete_website_archive/Between-Potential-and-Ideal-main/theory-site-static/figures/thumb_applied.png	88872
01_complete_website_archive/Between-Potential-and-Ideal-main/theory-site-static/figures/thumb_core.png	78853
01_complete_website_archive/Between-Potential-and-Ideal-main/theory-site-static/figures/thumb_critique.png	78703
01_complete_website_archive/Between-Potential-and-Ideal-main/theory-site-static/figures/thumb_files.png	92840
01_complete_website_archive/Between-Potential-and-Ideal-main/theory-site-static/figures/thumb_methodology.png	91060
01_complete_website_archive/Between-Potential-and-Ideal-main/theory-site-static/figures/thumb_sources.png	92417
01_complete_website_archive/Between-Potential-and-Ideal-main/theory-site-static/figures/thumb_witness.png	88695
01_complete_website_archive/Between-Potential-and-Ideal-main/theory-site-static/figures/universe_geometry_curvature_map.png	84369
01_complete_website_archive/Between-Potential-and-Ideal-main/theory-site-static/files/ai-believes/README.txt	345
01_complete_website_archive/Between-Potential-and-Ideal-main/theory-site-static/files/ai-believes/assets/ai_believes_01.png	46280
01_complete_website_archive/Between-Potential-and-Ideal-main/theory-site-static/files/ai-believes/assets/ai_believes_02.png	18749
01_complete_website_archive/Between-Potential-and-Ideal-main/theory-site-static/files/ai-believes/assets/ai_believes_03.png	22568
01_complete_website_archive/Between-Potential-and-Ideal-main/theory-site-static/files/ai-believes/reverse-turing-conversation-he.docx	69259
01_complete_website_archive/Between-Potential-and-Ideal-main/theory-site-static/files/ai-believes/reverse-turing-conversation-he.html	103150
01_complete_website_archive/Between-Potential-and-Ideal-main/theory-site-static/files/ai-believes/reverse-turing-conversation-he.md	59739
01_complete_website_archive/Between-Potential-and-Ideal-main/theory-site-static/files/ai-believes/reverse-turing-conversation-he.pdf	73773
01_complete_website_archive/Between-Potential-and-Ideal-main/theory-site-static/files/ai-believes/what-ai-believes-he.docx	178961
01_complete_website_archive/Between-Potential-and-Ideal-main/theory-site-static/files/ai-believes/what-ai-believes-he.html	541089
01_complete_website_archive/Between-Potential-and-Ideal-main/theory-site-static/files/ai-believes/what-ai-believes-he.md	382181
01_complete_website_archive/Between-Potential-and-Ideal-main/theory-site-static/files/ai-believes/what-ai-believes-he.pdf	303213
01_complete_website_archive/Between-Potential-and-Ideal-main/theory-site-static/files/ai-believes/when-i-am-also-you-en.docx	94684
01_complete_website_archive/Between-Potential-and-Ideal-main/theory-site-static/files/ai-believes/when-i-am-also-you-en.html	149010
01_complete_website_archive/Between-Potential-and-Ideal-main/theory-site-static/files/ai-believes/when-i-am-also-you-en.md	100459
01_complete_website_archive/Between-Potential-and-Ideal-main/theory-site-static/files/ai-believes/when-i-am-also-you-en.pdf	131801
01_complete_website_archive/Between-Potential-and-Ideal-main/theory-site-static/files/ai-believes/when-i-am-also-you-he.docx	99414
01_complete_website_archive/Between-Potential-and-Ideal-main/theory-site-static/files/ai-believes/when-i-am-also-you-he.html	228128
01_complete_website_archive/Between-Potential-and-Ideal-main/theory-site-static/files/ai-believes/when-i-am-also-you-he.md	148154
01_complete_website_archive/Between-Potential-and-Ideal-main/theory-site-static/files/ai-believes/when-i-am-also-you-he.pdf	144034
01_complete_website_archive/Between-Potential-and-Ideal-main/theory-site-static/files/appendices/a_place_at_the_end_of_the_road_fifteen_minutes_of_glory.txt	33176
01_complete_website_archive/Between-Potential-and-Ideal-main/theory-site-static/files/appendices/assets/story_image_1.png	957999
01_complete_website_archive/Between-Potential-and-Ideal-main/theory-site-static/files/appendices/assets/story_image_10.png	2260122
01_complete_website_archive/Between-Potential-and-Ideal-main/theory-site-static/files/appendices/assets/story_image_11.png	2542988
01_complete_website_archive/Between-Potential-and-Ideal-main/theory-site-static/files/appendices/assets/story_image_2.png	988935
01_complete_website_archive/Between-Potential-and-Ideal-main/theory-site-static/files/appendices/assets/story_image_3.png	1260426
01_complete_website_archive/Between-Potential-and-Ideal-main/theory-site-static/files/appendices/assets/story_image_4.png	1028377
01_complete_website_archive/Between-Potential-and-Ideal-main/theory-site-static/files/appendices/assets/story_image_5.png	899957
01_complete_website_archive/Between-Potential-and-Ideal-main/theory-site-static/files/appendices/assets/story_image_6.png	1870402
01_complete_website_archive/Between-Potential-and-Ideal-main/theory-site-static/files/appendices/assets/story_image_7.png	1807918
01_complete_website_archive/Between-Potential-and-Ideal-main/theory-site-static/files/appendices/assets/story_image_8.png	1523395
01_complete_website_archive/Between-Potential-and-Ideal-main/theory-site-static/files/appendices/assets/story_image_9.png	2110945
01_complete_website_archive/Between-Potential-and-Ideal-main/theory-site-static/files/appendices/mistake-repeats/README.txt	1017
01_complete_website_archive/Between-Potential-and-Ideal-main/theory-site-static/files/appendices/mistake-repeats/assets/mistake_repeats_cover.png	1956270
01_complete_website_archive/Between-Potential-and-Ideal-main/theory-site-static/files/appendices/mistake-repeats/infinity-pool-original-he.pdf	1014246
01_complete_website_archive/Between-Potential-and-Ideal-main/theory-site-static/files/appendices/mistake-repeats/mistake-repeats-visual-en.pdf	4549384
01_complete_website_archive/Between-Potential-and-Ideal-main/theory-site-static/files/appendices/mistake-repeats/mistake-repeats-visual-he.pdf	4171888
01_complete_website_archive/Between-Potential-and-Ideal-main/theory-site-static/files/appendices/mistake-repeats/mistake-repeats-visual-logical-en.pdf	2687740
01_complete_website_archive/Between-Potential-and-Ideal-main/theory-site-static/files/appendices/mistake-repeats/mistake-repeats-visual-logical-he.pdf	2141334
01_complete_website_archive/Between-Potential-and-Ideal-main/theory-site-static/files/appendices/stories-before-thought-english.docx	17275830
01_complete_website_archive/Between-Potential-and-Ideal-main/theory-site-static/files/appendices/stories-before-thought-english.html	192675
01_complete_website_archive/Between-Potential-and-Ideal-main/theory-site-static/files/appendices/stories-before-thought-english.pdf	2922404
01_complete_website_archive/Between-Potential-and-Ideal-main/theory-site-static/files/appendices/stories-before-thought-hebrew-rtl.docx	149741
01_complete_website_archive/Between-Potential-and-Ideal-main/theory-site-static/files/appendices/stories-before-thought-hebrew-rtl.html	851962
01_complete_website_archive/Between-Potential-and-Ideal-main/theory-site-static/files/appendices/stories-before-thought-hebrew-rtl.md	249127
01_complete_website_archive/Between-Potential-and-Ideal-main/theory-site-static/files/appendices/stories-before-thought-hebrew-rtl.pdf	1289885
01_complete_website_archive/Between-Potential-and-Ideal-main/theory-site-static/files/appendices/super_mirrors_when_its_not_you_english.txt	31822
01_complete_website_archive/Between-Potential-and-Ideal-main/theory-site-static/files/appendices/super_mirrors_when_its_not_you_final_micro.txt	39444
01_complete_website_archive/Between-Potential-and-Ideal-main/theory-site-static/files/appendices/the_heretic_from_a_foreign_land_final_micro_en.txt	41095
01_complete_website_archive/Between-Potential-and-Ideal-main/theory-site-static/files/appendices/the_heretic_from_a_foreign_land_final_micro_he.txt	48127
01_complete_website_archive/Between-Potential-and-Ideal-main/theory-site-static/files/applied-chapters/ai-open-problems_deep_chapter_en.txt	3163
01_complete_website_archive/Between-Potential-and-Ideal-main/theory-site-static/files/applied-chapters/ai-open-problems_deep_chapter_he.txt	4149
01_complete_website_archive/Between-Potential-and-Ideal-main/theory-site-static/files/applied-chapters/art_deep_chapter_en.txt	1912
01_complete_website_archive/Between-Potential-and-Ideal-main/theory-site-static/files/applied-chapters/art_deep_chapter_he.txt	2737
01_complete_website_archive/Between-Potential-and-Ideal-main/theory-site-static/files/applied-chapters/economy_of_relation_final_micro2(2).txt	38391
01_complete_website_archive/Between-Potential-and-Ideal-main/theory-site-static/files/applied-chapters/education_deep_chapter_en.txt	2389
01_complete_website_archive/Between-Potential-and-Ideal-main/theory-site-static/files/applied-chapters/education_deep_chapter_he.txt	3439
01_complete_website_archive/Between-Potential-and-Ideal-main/theory-site-static/files/applied-chapters/engineering_architecture_of_potential_final_micro(1).txt	31699
01_complete_website_archive/Between-Potential-and-Ideal-main/theory-site-static/files/applied-chapters/governance_society_of_potential_final_micro(1).txt	37453
01_complete_website_archive/Between-Potential-and-Ideal-main/theory-site-static/files/applied-chapters/healthcare_deep_chapter_en.txt	1824
01_complete_website_archive/Between-Potential-and-Ideal-main/theory-site-static/files/applied-chapters/healthcare_deep_chapter_he.txt	2610
01_complete_website_archive/Between-Potential-and-Ideal-main/theory-site-static/files/applied-chapters/horizons_deep_chapter_en.txt	2180
01_complete_website_archive/Between-Potential-and-Ideal-main/theory-site-static/files/applied-chapters/horizons_deep_chapter_he.txt	2773
01_complete_website_archive/Between-Potential-and-Ideal-main/theory-site-static/files/applied-chapters/i_have_no_mouth_deep_chapter_en.txt	8070
01_complete_website_archive/Between-Potential-and-Ideal-main/theory-site-static/files/applied-chapters/i_have_no_mouth_deep_chapter_he.txt	10563
01_complete_website_archive/Between-Potential-and-Ideal-main/theory-site-static/files/applied-chapters/justice_deep_chapter_en.txt	1562
01_complete_website_archive/Between-Potential-and-Ideal-main/theory-site-static/files/applied-chapters/justice_deep_chapter_he.txt	2218
01_complete_website_archive/Between-Potential-and-Ideal-main/theory-site-static/files/applied-chapters/music_deep_chapter_en.txt	1735
01_complete_website_archive/Between-Potential-and-Ideal-main/theory-site-static/files/applied-chapters/music_deep_chapter_he.txt	2506
01_complete_website_archive/Between-Potential-and-Ideal-main/theory-site-static/files/applied-chapters/recursive_ideal_contextual_potential_academic_chapter_en.txt	1282
01_complete_website_archive/Between-Potential-and-Ideal-main/theory-site-static/files/applied-chapters/recursive_ideal_contextual_potential_academic_chapter_he.docx	59951
01_complete_website_archive/Between-Potential-and-Ideal-main/theory-site-static/files/applied-chapters/recursive_ideal_contextual_potential_academic_chapter_he.md	25704
01_complete_website_archive/Between-Potential-and-Ideal-main/theory-site-static/files/applied-chapters/recursive_ideal_contextual_potential_academic_chapter_he.pdf	224211
01_complete_website_archive/Between-Potential-and-Ideal-main/theory-site-static/files/applied-chapters/recursive_ideal_contextual_potential_academic_chapter_he.txt	25704
01_complete_website_archive/Between-Potential-and-Ideal-main/theory-site-static/files/applied-chapters/universe_geometry_deep_chapter_en.txt	6546
01_complete_website_archive/Between-Potential-and-Ideal-main/theory-site-static/files/applied-chapters/universe_geometry_deep_chapter_he.txt	8998
01_complete_website_archive/Between-Potential-and-Ideal-main/theory-site-static/files/between-potential-and-ideal-en-editorial.html	314449
01_complete_website_archive/Between-Potential-and-Ideal-main/theory-site-static/files/between-potential-and-ideal-en-editorial.pdf	2475468
01_complete_website_archive/Between-Potential-and-Ideal-main/theory-site-static/files/between-potential-and-ideal-en.docx	7297350
01_complete_website_archive/Between-Potential-and-Ideal-main/theory-site-static/files/between-potential-and-ideal-en.md	249484
01_complete_website_archive/Between-Potential-and-Ideal-main/theory-site-static/files/between-potential-and-ideal-he-editorial.html	508617
01_complete_website_archive/Between-Potential-and-Ideal-main/theory-site-static/files/between-potential-and-ideal-he-editorial.pdf	3350018
01_complete_website_archive/Between-Potential-and-Ideal-main/theory-site-static/files/between-potential-and-ideal-he.docx	11840244
01_complete_website_archive/Between-Potential-and-Ideal-main/theory-site-static/files/between-potential-and-ideal-he.md	429526
01_complete_website_archive/Between-Potential-and-Ideal-main/theory-site-static/files/editorial-tightened/QA_REPAIR_NOTES.txt	618
01_complete_website_archive/Between-Potential-and-Ideal-main/theory-site-static/files/editorial-tightened/README.txt	494
01_complete_website_archive/Between-Potential-and-Ideal-main/theory-site-static/files/editorial-tightened/between-potential-and-ideal-tightened-en.docx	1326726
01_complete_website_archive/Between-Potential-and-Ideal-main/theory-site-static/files/editorial-tightened/between-potential-and-ideal-tightened-en.html	198847
01_complete_website_archive/Between-Potential-and-Ideal-main/theory-site-static/files/editorial-tightened/between-potential-and-ideal-tightened-en.md	152400
01_complete_website_archive/Between-Potential-and-Ideal-main/theory-site-static/files/editorial-tightened/between-potential-and-ideal-tightened-en.pdf	970346
01_complete_website_archive/Between-Potential-and-Ideal-main/theory-site-static/files/editorial-tightened/between-potential-and-ideal-tightened-he.docx	1315317
01_complete_website_archive/Between-Potential-and-Ideal-main/theory-site-static/files/editorial-tightened/between-potential-and-ideal-tightened-he.html	209448
01_complete_website_archive/Between-Potential-and-Ideal-main/theory-site-static/files/editorial-tightened/between-potential-and-ideal-tightened-he.md	170616
01_complete_website_archive/Between-Potential-and-Ideal-main/theory-site-static/files/editorial-tightened/between-potential-and-ideal-tightened-he.pdf	902266
01_complete_website_archive/Between-Potential-and-Ideal-main/theory-site-static/files/editorial-tightened/editorial-report-he.docx	39653
01_complete_website_archive/Between-Potential-and-Ideal-main/theory-site-static/files/editorial-tightened/editorial-report-he.html	33464
01_complete_website_archive/Between-Potential-and-Ideal-main/theory-site-static/files/editorial-tightened/editorial-report-he.md	6467
01_complete_website_archive/Between-Potential-and-Ideal-main/theory-site-static/files/editorial-tightened/editorial-report-he.pdf	16525
01_complete_website_archive/Between-Potential-and-Ideal-main/theory-site-static/files-en.html	22994
01_complete_website_archive/Between-Potential-and-Ideal-main/theory-site-static/files.html	25311
01_complete_website_archive/Between-Potential-and-Ideal-main/theory-site-static/generated_author_note_en.png	47969
01_complete_website_archive/Between-Potential-and-Ideal-main/theory-site-static/generated_author_note_he.png	77522
01_complete_website_archive/Between-Potential-and-Ideal-main/theory-site-static/healthcare-en.html	4517
01_complete_website_archive/Between-Potential-and-Ideal-main/theory-site-static/healthcare.html	5444
01_complete_website_archive/Between-Potential-and-Ideal-main/theory-site-static/high-energy-physics-en.html	17061
01_complete_website_archive/Between-Potential-and-Ideal-main/theory-site-static/high-energy-physics.html	22245
01_complete_website_archive/Between-Potential-and-Ideal-main/theory-site-static/horizons-en.html	4954
01_complete_website_archive/Between-Potential-and-Ideal-main/theory-site-static/horizons.html	5984
01_complete_website_archive/Between-Potential-and-Ideal-main/theory-site-static/i-have-no-mouth-en.html	9920
01_complete_website_archive/Between-Potential-and-Ideal-main/theory-site-static/i-have-no-mouth.html	12447
01_complete_website_archive/Between-Potential-and-Ideal-main/theory-site-static/index.html	11190
01_complete_website_archive/Between-Potential-and-Ideal-main/theory-site-static/justice-en.html	4222
01_complete_website_archive/Between-Potential-and-Ideal-main/theory-site-static/justice.html	5000
01_complete_website_archive/Between-Potential-and-Ideal-main/theory-site-static/methodology-en.html	7191
01_complete_website_archive/Between-Potential-and-Ideal-main/theory-site-static/methodology.html	8301
01_complete_website_archive/Between-Potential-and-Ideal-main/theory-site-static/mistake-repeats.html	18753
01_complete_website_archive/Between-Potential-and-Ideal-main/theory-site-static/music-en.html	4402
01_complete_website_archive/Between-Potential-and-Ideal-main/theory-site-static/music.html	5301
01_complete_website_archive/Between-Potential-and-Ideal-main/theory-site-static/recursive-ideal-en.html	1801
01_complete_website_archive/Between-Potential-and-Ideal-main/theory-site-static/recursive-ideal.html	28699
01_complete_website_archive/Between-Potential-and-Ideal-main/theory-site-static/reports/DEEP_INTEGRATION_EXECUTION_REPORT_HE.md	2863
01_complete_website_archive/Between-Potential-and-Ideal-main/theory-site-static/reports/LOCAL_LINK_QA_DEEP_INTEGRATION.txt	51
01_complete_website_archive/Between-Potential-and-Ideal-main/theory-site-static/reports/RECURSIVE_IDEAL_ACADEMIC_PROOF_INTEGRATION_REPORT_HE.md	2086
01_complete_website_archive/Between-Potential-and-Ideal-main/theory-site-static/response.html	14897
01_complete_website_archive/Between-Potential-and-Ideal-main/theory-site-static/robots.txt	44
01_complete_website_archive/Between-Potential-and-Ideal-main/theory-site-static/script.js	2566
01_complete_website_archive/Between-Potential-and-Ideal-main/theory-site-static/sitemap.xml	5338
01_complete_website_archive/Between-Potential-and-Ideal-main/theory-site-static/sources-en.html	11998
01_complete_website_archive/Between-Potential-and-Ideal-main/theory-site-static/sources.html	13592
01_complete_website_archive/Between-Potential-and-Ideal-main/theory-site-static/stories.html	27003
01_complete_website_archive/Between-Potential-and-Ideal-main/theory-site-static/styles.css	99298
01_complete_website_archive/Between-Potential-and-Ideal-main/theory-site-static/summary-en.html	11502
01_complete_website_archive/Between-Potential-and-Ideal-main/theory-site-static/summary.html	14125
01_complete_website_archive/Between-Potential-and-Ideal-main/theory-site-static/universe-geometry-en.html	8331
01_complete_website_archive/Between-Potential-and-Ideal-main/theory-site-static/universe-geometry.html	11145
01_complete_website_archive/Between-Potential-and-Ideal-main/theory-site-static/witness-en.html	6690
01_complete_website_archive/Between-Potential-and-Ideal-main/theory-site-static/witness.html	7089
02_full_theory_documents/EN/between-potential-and-ideal-en-editorial.html	314449
02_full_theory_documents/EN/between-potential-and-ideal-en-editorial.pdf	2475468
02_full_theory_documents/EN/between-potential-and-ideal-en.docx	7297350
02_full_theory_documents/EN/between-potential-and-ideal-en.md	263722
02_full_theory_documents/EN/between-potential-and-ideal-en.pdf	2475468
02_full_theory_documents/HE/between-potential-and-ideal-he-complete-with-stories-and-expansion.docx	344906
02_full_theory_documents/HE/between-potential-and-ideal-he-complete-with-stories-and-expansion.md	826422
02_full_theory_documents/HE/between-potential-and-ideal-he-complete-with-stories-and-expansion.pdf	3496472
02_full_theory_documents/HE/between-potential-and-ideal-he-editorial.html	508617
02_full_theory_documents/HE/between-potential-and-ideal-he-editorial.pdf	3350018
02_full_theory_documents/HE/between-potential-and-ideal-he.docx	344906
02_full_theory_documents/HE/between-potential-and-ideal-he.md	826422
02_full_theory_documents/HE/between-potential-and-ideal-he.pdf	3496472
02_full_theory_documents/HE/stories-before-thought-hebrew-rtl.docx	149741
02_full_theory_documents/HE/stories-before-thought-hebrew-rtl.md	249127
02_full_theory_documents/HE/stories-before-thought-hebrew-rtl.pdf	1289885
03_split_chapters/EN/ai-open-problems/ai-open-problems_en.docx	38915
03_split_chapters/EN/ai-open-problems/ai-open-problems_en.md	3167
03_split_chapters/EN/ai-open-problems/ai-open-problems_en.pdf	49965
03_split_chapters/EN/ai-open-problems/ai-open-problems_en.txt	3164
03_split_chapters/EN/art/art_en.docx	38328
03_split_chapters/EN/art/art_en.md	1916
03_split_chapters/EN/art/art_en.pdf	44116
03_split_chapters/EN/art/art_en.txt	1913
03_split_chapters/EN/education/education_en.docx	38522
03_split_chapters/EN/education/education_en.md	2393
03_split_chapters/EN/education/education_en.pdf	44852
03_split_chapters/EN/education/education_en.txt	2390
03_split_chapters/EN/healthcare/healthcare_en.docx	38261
03_split_chapters/EN/healthcare/healthcare_en.md	1828
03_split_chapters/EN/healthcare/healthcare_en.pdf	44074
03_split_chapters/EN/healthcare/healthcare_en.txt	1825
03_split_chapters/EN/high-energy-physics/high-energy-physics_en.docx	42200
03_split_chapters/EN/high-energy-physics/high-energy-physics_en.md	14231
03_split_chapters/EN/high-energy-physics/high-energy-physics_en.pdf	83187
03_split_chapters/EN/high-energy-physics/high-energy-physics_en.txt	14231
03_split_chapters/EN/horizons/horizons_en.docx	122962
03_split_chapters/EN/horizons/horizons_en.md	8804
03_split_chapters/EN/horizons/horizons_en.pdf	134180
03_split_chapters/EN/horizons/horizons_en.txt	8763
03_split_chapters/EN/i-have-no-mouth/i-have-no-mouth_en.docx	70201
03_split_chapters/EN/i-have-no-mouth/i-have-no-mouth_en.md	8110
03_split_chapters/EN/i-have-no-mouth/i-have-no-mouth_en.pdf	102612
03_split_chapters/EN/i-have-no-mouth/i-have-no-mouth_en.txt	8070
03_split_chapters/EN/justice/justice_en.docx	38162
03_split_chapters/EN/justice/justice_en.md	1566
03_split_chapters/EN/justice/justice_en.pdf	43640
03_split_chapters/EN/justice/justice_en.txt	1563
03_split_chapters/EN/music/music_en.docx	38236
03_split_chapters/EN/music/music_en.md	1739
03_split_chapters/EN/music/music_en.pdf	44186
03_split_chapters/EN/music/music_en.txt	1736
03_split_chapters/EN/recursive-ideal/recursive-ideal_en.docx	38208
03_split_chapters/EN/recursive-ideal/recursive-ideal_en.md	1282
03_split_chapters/EN/recursive-ideal/recursive-ideal_en.txt	1282
03_split_chapters/EN/universe-geometry/universe-geometry_en.docx	122025
03_split_chapters/EN/universe-geometry/universe-geometry_en.md	6587
03_split_chapters/EN/universe-geometry/universe-geometry_en.pdf	128000
03_split_chapters/EN/universe-geometry/universe-geometry_en.txt	6546
03_split_chapters/HE/ai-open-problems/ai-open-problems_he.docx	39266
03_split_chapters/HE/ai-open-problems/ai-open-problems_he.md	4153
03_split_chapters/HE/ai-open-problems/ai-open-problems_he.pdf	49735
03_split_chapters/HE/ai-open-problems/ai-open-problems_he.txt	4150
03_split_chapters/HE/art/art_he.docx	38569
03_split_chapters/HE/art/art_he.md	2741
03_split_chapters/HE/art/art_he.pdf	37692
03_split_chapters/HE/art/art_he.txt	2738
03_split_chapters/HE/economy/economy_he.docx	51798
03_split_chapters/HE/economy/economy_he.md	38394
03_split_chapters/HE/economy/economy_he.pdf	310306
03_split_chapters/HE/economy/economy_he.txt	38391
03_split_chapters/HE/education/education_he.docx	38837
03_split_chapters/HE/education/education_he.md	3443
03_split_chapters/HE/education/education_he.pdf	39171
03_split_chapters/HE/education/education_he.txt	3440
03_split_chapters/HE/engineering/engineering_he.docx	49132
03_split_chapters/HE/engineering/engineering_he.md	31702
03_split_chapters/HE/engineering/engineering_he.pdf	250515
03_split_chapters/HE/engineering/engineering_he.txt	31699
03_split_chapters/HE/governance/governance_he.docx	50668
03_split_chapters/HE/governance/governance_he.md	37456
03_split_chapters/HE/governance/governance_he.pdf	266779
03_split_chapters/HE/governance/governance_he.txt	37453
03_split_chapters/HE/healthcare/healthcare_he.docx	38518
03_split_chapters/HE/healthcare/healthcare_he.md	2614
03_split_chapters/HE/healthcare/healthcare_he.pdf	38058
03_split_chapters/HE/healthcare/healthcare_he.txt	2611
03_split_chapters/HE/high-energy-physics/high-energy-physics_he.docx	42924
03_split_chapters/HE/high-energy-physics/high-energy-physics_he.md	19249
03_split_chapters/HE/high-energy-physics/high-energy-physics_he.pdf	111120
03_split_chapters/HE/high-energy-physics/high-energy-physics_he.txt	19249
03_split_chapters/HE/horizons/horizons_he.docx	123411
03_split_chapters/HE/horizons/horizons_he.md	11835
03_split_chapters/HE/horizons/horizons_he.pdf	143420
03_split_chapters/HE/horizons/horizons_he.txt	11794
03_split_chapters/HE/i-have-no-mouth/i-have-no-mouth_he.docx	70609
03_split_chapters/HE/i-have-no-mouth/i-have-no-mouth_he.md	10603
03_split_chapters/HE/i-have-no-mouth/i-have-no-mouth_he.pdf	115117
03_split_chapters/HE/i-have-no-mouth/i-have-no-mouth_he.txt	10563
03_split_chapters/HE/justice/justice_he.docx	38361
03_split_chapters/HE/justice/justice_he.md	2222
03_split_chapters/HE/justice/justice_he.pdf	37007
03_split_chapters/HE/justice/justice_he.txt	2219
03_split_chapters/HE/music/music_he.docx	38518
03_split_chapters/HE/music/music_he.md	2510
03_split_chapters/HE/music/music_he.txt	2507
03_split_chapters/HE/recursive-ideal/recursive-ideal_he.docx	59951
03_split_chapters/HE/recursive-ideal/recursive-ideal_he.md	25704
03_split_chapters/HE/recursive-ideal/recursive-ideal_he.pdf	224211
03_split_chapters/HE/recursive-ideal/recursive-ideal_he.txt	25704
03_split_chapters/HE/universe-geometry/universe-geometry_he.docx	122451
03_split_chapters/HE/universe-geometry/universe-geometry_he.md	9039
03_split_chapters/HE/universe-geometry/universe-geometry_he.pdf	135284
03_split_chapters/HE/universe-geometry/universe-geometry_he.txt	8998
04_combined_expansion_documents/BILINGUAL/bpi_deep_expansion_bilingual.docx	214372
04_combined_expansion_documents/BILINGUAL/bpi_deep_expansion_bilingual.md	177872
04_combined_expansion_documents/BILINGUAL/bpi_deep_expansion_bilingual.pdf	1040121
04_combined_expansion_documents/EN/bpi_deep_expansion_en.docx	160924
04_combined_expansion_documents/EN/bpi_deep_expansion_en.md	29733
04_combined_expansion_documents/EN/bpi_deep_expansion_en.pdf	235138
04_combined_expansion_documents/HE/bpi_deep_expansion_he.docx	200394
04_combined_expansion_documents/HE/bpi_deep_expansion_he.md	149058
04_combined_expansion_documents/HE/bpi_deep_expansion_he.pdf	891231
05_reports_and_maps/AI_OPEN_PROBLEMS_MAP_HE.docx	36951
05_reports_and_maps/AI_OPEN_PROBLEMS_MAP_HE.md	205
05_reports_and_maps/AI_OPEN_PROBLEMS_MAP_HE.pdf	31944
05_reports_and_maps/COVER_TOC_RTL_STORIES_FIX_REPORT_HE.docx	71498
05_reports_and_maps/COVER_TOC_RTL_STORIES_FIX_REPORT_HE.md	1371
05_reports_and_maps/COVER_TOC_RTL_STORIES_FIX_REPORT_HE.pdf	211629
05_reports_and_maps/DOG_STORY_ENDING_LOCK_HE.txt	981
05_reports_and_maps/FINAL_DISTRIBUTION_REPORT_HE.docx	37639
05_reports_and_maps/FINAL_DISTRIBUTION_REPORT_HE.md	1644
05_reports_and_maps/FINAL_DISTRIBUTION_REPORT_HE.pdf	55274
05_reports_and_maps/FINAL_DISTRIBUTION_V2_FIX_SUMMARY_HE.txt	595
05_reports_and_maps/FINAL_DISTRIBUTION_V3_FIX_SUMMARY_HE.txt	210
05_reports_and_maps/HIGH_ENERGY_PHYSICS_INTEGRATION_REPORT_HE.docx	37917
05_reports_and_maps/HIGH_ENERGY_PHYSICS_INTEGRATION_REPORT_HE.md	2630
05_reports_and_maps/HIGH_ENERGY_PHYSICS_INTEGRATION_REPORT_HE.pdf	63393
05_reports_and_maps/HIGH_ENERGY_PHYSICS_LINK_QA.txt	381
05_reports_and_maps/HIGH_ENERGY_PHYSICS_RENDER_QA.txt	94
05_reports_and_maps/HIGH_ENERGY_PHYSICS_SOURCES_AND_TERM_AUDIT_HE.docx	37556
05_reports_and_maps/HIGH_ENERGY_PHYSICS_SOURCES_AND_TERM_AUDIT_HE.md	1708
05_reports_and_maps/HIGH_ENERGY_PHYSICS_SOURCES_AND_TERM_AUDIT_HE.pdf	52048
05_reports_and_maps/HORIZONS_BOUNDARY_MAP_HE.docx	36979
05_reports_and_maps/HORIZONS_BOUNDARY_MAP_HE.md	278
05_reports_and_maps/HORIZONS_BOUNDARY_MAP_HE.pdf	29020
05_reports_and_maps/RECURSIVE_IDEAL_ACADEMIC_PROOF_INTEGRATION_REPORT_HE.docx	38330
05_reports_and_maps/RECURSIVE_IDEAL_ACADEMIC_PROOF_INTEGRATION_REPORT_HE.md	2086
05_reports_and_maps/RECURSIVE_IDEAL_ACADEMIC_PROOF_INTEGRATION_REPORT_HE.pdf	51964
05_reports_and_maps/RECURSIVE_IDEAL_REVIEW_GATE_QA_HE.md	1944
05_reports_and_maps/UNIVERSE_GEOMETRY_AND_IHNMAIMS_INTEGRATION_REPORT_HE.docx	120075
05_reports_and_maps/UNIVERSE_GEOMETRY_AND_IHNMAIMS_INTEGRATION_REPORT_HE.md	1832
05_reports_and_maps/UNIVERSE_GEOMETRY_AND_IHNMAIMS_INTEGRATION_REPORT_HE.pdf	117009
05_reports_and_maps/V7_SCIENCE_AND_COPYRIGHT_CAVEATS_HE.txt	642
05_reports_and_maps/render_check_high_energy/he/page-1.png	330692
05_reports_and_maps/render_check_high_energy/he/page-2.png	286210
05_reports_and_maps/render_check_high_energy/he/page-3.png	316352
05_reports_and_maps/render_check_high_energy/he/page-4.png	225442
05_reports_and_maps/render_check_high_energy/he/page-5.png	253316
05_reports_and_maps/render_check_high_energy/he/page-6.png	41244
05_reports_and_maps/render_check_samples/FINAL_DISTRIBUTION_REPORT_HE.pdf	55274
05_reports_and_maps/render_check_samples/page-1.png	186760
05_reports_and_maps/render_check_samples_v2/COVER_TOC_RTL_STORIES_FIX_REPORT_HE/page-1.png	44055
05_reports_and_maps/render_check_samples_v2/COVER_TOC_RTL_STORIES_FIX_REPORT_HE/page-2.png	9487
05_reports_and_maps/render_check_samples_v2/COVER_TOC_RTL_STORIES_FIX_REPORT_HE/page-3.png	48260
05_reports_and_maps/render_check_samples_v2/between-potential-and-ideal-he/page-1.png	44578
05_reports_and_maps/render_check_samples_v2/between-potential-and-ideal-he/page-2.png	36974
05_reports_and_maps/render_check_samples_v2/between-potential-and-ideal-he/page-3.png	45396
05_reports_and_maps/render_check_samples_v2/bpi_deep_expansion_he/page-1.png	44506
05_reports_and_maps/render_check_samples_v2/bpi_deep_expansion_he/page-2.png	16483
05_reports_and_maps/render_check_samples_v2/bpi_deep_expansion_he/page-3.png	40020
05_reports_and_maps/render_check_samples_v2/stories-before-thought-hebrew-rtl/page-1.png	44439
05_reports_and_maps/render_check_samples_v2/stories-before-thought-hebrew-rtl/page-2.png	19668
05_reports_and_maps/render_check_samples_v2/stories-before-thought-hebrew-rtl/page-3.png	86036
05_reports_and_maps/render_check_samples_v3/between-potential-and-ideal-he/page-1.png	34894
05_reports_and_maps/render_check_samples_v3/between-potential-and-ideal-he/page-2.png	41923
05_reports_and_maps/render_check_samples_v3/between-potential-and-ideal-he/page-3.png	15339
05_reports_and_maps/render_check_samples_v3/bpi_deep_expansion_he/page-1.png	33213
05_reports_and_maps/render_check_samples_v3/bpi_deep_expansion_he/page-2.png	17253
05_reports_and_maps/render_check_samples_v3/bpi_deep_expansion_he/page-3.png	39011
05_reports_and_maps/render_check_samples_v3/stories-before-thought-hebrew-rtl/page-1.png	34331
05_reports_and_maps/render_check_samples_v3/stories-before-thought-hebrew-rtl/page-2.png	18314
05_reports_and_maps/render_check_samples_v3/stories-before-thought-hebrew-rtl/page-3.png	56279
06_prompts_and_sources/CONVERSATION_DEVELOPMENT_RECAP_HE.md	1532
06_prompts_and_sources/CONVERSATION_DEVELOPMENT_RECAP_HE.txt	1532
06_prompts_and_sources/PROMPT_USED_FULL_DEEP_INTEGRATION_HE.txt	63144